gx,gy,gz,time,ang
-268,-28,-77,401112766,0.005479534959445237
-245,-65,-63,401121958,0.007911517714645206
-246,-69,-61,401122505,0.008081685143444843
-245,-72,-62,401123106,0.008267689901484588
-254,-69,-63,401123667,0.008517169899133583
-239,-66,-66,401128202,0.009827487420479772
-236,-64,-67,401128757,0.009978581900373975
-235,-77,-56,401137994,0.012202845848916333
-235,-79,-47,401138593,0.012338954377513048
-227,-75,-38,401139673,0.012392137997934288
-223,-70,-45,401147928,0.012895297220854505
-217,-68,-50,401148484,0.012919893431111346
-218,-72,-44,401149578,0.01298252249773396
-220,-48,-42,401156568,0.011894803002055015
-220,-45,-39,401157103,0.01178658944697437
-223,-44,-33,401157663,0.01166420769070932
-227,-48,-28,401158198,0.011574892057106536
-228,-40,-34,401165660,0.010215670938818755
-232,-39,-32,401166195,0.010144881063934432
-234,-36,-33,401166748,0.010074429614540581
-234,-37,-36,401167283,0.010019913704942223
-225,-39,-33,401173212,0.00895789139773333
-225,-36,-38,401173749,0.008865484906898894
-248,-53,-44,401182305,0.011283537760762874
-251,-58,-41,401182883,0.01149522702094365
-259,-62,-42,401184094,0.012105567509172887
-250,-58,-34,401188205,0.013603781201003484
-255,-61,-35,401188754,0.013855963086779305
-260,-57,-44,401189289,0.01411970743489186
-268,-60,-57,401195843,0.018138016746960563
-266,-40,-39,401202633,0.021635719685671777
-262,-37,-47,401203168,0.02188089887864282
-265,-40,-54,401203731,0.022167076328841594
-284,-29,-41,401209758,0.026983144803277685
-276,-34,-56,401217398,0.032411277280377966
-276,-33,-64,401217933,0.03279637474852729
-274,-35,-67,401218491,0.033181786376403406
-275,-30,-69,401219026,0.03355965359003318
-243,-31,-56,401225215,0.035024547512033696
-236,-30,-52,401225751,0.03510047776568147
-256,-4,-40,401234548,0.03972035828970719
-258,-5,-41,401235095,0.04005096676111538
-266,-2,-45,401235686,0.04048581104969313
-279,-4,-44,401236221,0.04098229841742426
-378,2,-47,401242212,0.05550592502196384
-384,-1,-47,401242775,0.05691605305374873
-492,-31,-61,401251933,0.09359055427792638
-492,-32,-60,401252487,0.09581849421643951
-482,-26,-54,401253581,0.10007405328138054
-415,57,-73,401261646,0.12551668260746263
-412,70,-77,401262181,0.1272283093849937
-408,82,-82,401262744,0.12902712675821806
-399,95,-81,401263279,0.13069746485669825
-309,181,-76,401270942,0.14907867228140992
-306,185,-73,401271500,0.15053759320709895
-301,190,-68,401272035,0.15193038443140686
-288,191,-63,401272596,0.15330932237738973
-177,159,-67,401278224,0.15853384394478934
-162,136,-59,401278760,0.15892717504373505
-86,-44,-64,401284245,0.14963125387690754
-65,-97,-42,401285878,0.14569162142298045
0,-110,-27,401293952,0.1192789892542022
0,-102,-27,401294503,0.11756816289140472
1,-97,-24,401295070,0.11583801545331936
6,-84,-17,401295654,0.1141106040959369
-23,24,-11,401301203,0.1071429868839826
-33,28,-9,401301760,0.10667833311985445
-168,-26,3,401310973,0.10502491344281822
-181,-30,10,401311597,0.10499471277126989
-195,-30,5,401312666,0.1050678395267765
-298,46,-21,401320930,0.12040487986848547
-302,56,-24,401321487,0.12152858349406448
-310,67,-22,401322022,0.12271981799063536
-313,77,-12,401322582,0.12406014200696223
-368,153,-30,401330940,0.15577021756201995
-369,150,-31,401331496,0.15786245909462615
-379,148,-35,401332622,0.1621570423415253
-457,-97,-60,401349931,0.1930902642920952
-458,-95,-61,401350479,0.19432773751521093
-454,-98,-61,401351014,0.1955065912381336
-441,-113,-58,401351574,0.1965870461360266
-382,-196,-84,401365371,0.20734904328584086
-380,-197,-81,401365906,0.20793475937639283
-381,-192,-78,401366457,0.20857754182152383
-376,-195,-73,401366992,0.20916713175659934
-341,-183,-72,401380185,0.22114120923498634
-343,-182,-65,401380738,0.22176957009386972
-343,-182,-54,401381836,0.2230388613444027
-291,-163,-33,401389909,0.22742698944124368
-295,-156,-29,401390465,0.22781206957914762
-292,-155,-33,401391000,0.22816426741150989
-288,-158,-38,401391558,0.22849748681184362
-268,-134,-33,401397747,0.23094305460552597
-245,-98,-34,401405378,0.23221283010671578
-240,-97,-31,401405913,0.23226840361650075
-224,-70,-29,401412278,0.23173930132704426
-225,-65,-22,401420913,0.23130699762823562
-226,-66,-27,401421471,0.23128729661829067
-234,-66,-31,401422006,0.23133219740257568
-246,-62,-29,401422593,0.23149310004160292
-244,-53,-38,401428216,0.23291937900360887
-251,-48,-39,401428753,0.23311683736102512
-262,-28,-44,401437891,0.23828667244913207
-258,-29,-44,401438514,0.23860141697791507
-256,-36,-41,401439653,0.23913049138348016
-271,-29,-65,401447943,0.2448453276801375
-271,-30,-64,401448500,0.24522991050320855
-275,-33,-66,401449586,0.246038131861527
-266,-31,-76,401456540,0.25028001760913393
-272,-29,-69,401457075,0.25066040578774407
-280,-27,-61,401457634,0.25112964599122106
-287,-28,-59,401458169,0.2516347190868888
-276,-14,-60,401465951,0.25794549894167884
-276,-11,-62,401466497,0.258393945038389
-279,-18,-60,401467032,0.25884932357311674
-284,-25,-58,401467622,0.25938674325503774
-297,-42,-57,401473230,0.2653716370606653
-298,-46,-60,401473767,0.265947527004538
-306,-13,-65,401482992,0.27769650216962843
-297,-25,-64,401483593,0.2783643096889036
-295,-42,-68,401484705,0.27951794537738806
-235,-92,-90,401492927,0.2796551994500516
-234,-103,-95,401493483,0.27964974526562286
-222,-122,-88,401494577,0.27939632000100756
-166,-170,-60,401502935,0.26982670933506075
-167,-169,-59,401503493,0.26922345118457003
-165,-168,-59,401504028,0.26863268280672753
-162,-166,-57,401504588,0.26799303803027913
-190,-122,-45,401510216,0.26432776382606094
-193,-117,-45,401510752,0.2640123021959353
-189,-111,-32,401519550,0.2584356453655552
-195,-117,-39,401520097,0.25814688491841
-199,-121,-43,401520689,0.2578714570960138
-194,-134,-42,401521224,0.257580535780768
-181,-161,-45,401527214,0.25328895075699004
-180,-160,-40,401527778,0.2528959434844354
-146,-67,-31,401536931,0.24153362073058512
-150,-58,-33,401537489,0.24087427677761594
-149,-47,-39,401538583,0.23955960664432174
-177,-50,-39,401546670,0.23331213658647676
-182,-56,-40,401547204,0.23294209448917255
-188,-61,-44,401547758,0.2326101594794355
-190,-68,-50,401548293,0.23230762946353772
-244,-154,-43,401555946,0.23491881311329768
-242,-164,-44,401556502,0.23512230548657426
-238,-175,-49,401557037,0.23529703551827302
-232,-183,-49,401557600,0.23544073525740328
-208,-135,-64,401563225,0.23456405826807372
-205,-128,-64,401563762,0.23446083396196307
-165,-47,-58,401572903,0.2257228065847333
-164,-47,-56,401573527,0.22511707291169783
-171,-44,-61,401574656,0.22413438888866977
-176,-52,-39,401582951,0.21766735909170762
-177,-54,-41,401583502,0.2172488252437557
-171,-50,-47,401584595,0.21631028445562933
-170,-76,-56,401591715,0.21050656648529878
-163,-73,-59,401592250,0.21001279180752633
-161,-69,-58,401592813,0.20947116733161394
-162,-66,-55,401593372,0.2089380015528854
-164,-68,-53,401599680,0.20315883327176537
-164,-66,-54,401600214,0.20266840257175375
-167,-69,-57,401600751,0.20220402601443324
-165,-62,-53,401605751,0.19764450179428442
-181,-70,-41,401620373,0.18824834231471632
-185,-66,-42,401620908,0.1879336397675643
-191,-71,-39,401621459,0.1876680831778376
-197,-76,-36,401621994,0.18746723443288374
-211,-67,-53,401635367,0.18487964854913894
-215,-67,-55,401635902,0.184809639996657
-222,-66,-51,401636464,0.1847925478784079
-226,-66,-44,401636999,0.18480806635688152
-223,-62,-46,401650923,0.18440992490695265
-225,-51,-44,401651480,0.18438791475201777
-225,-43,-41,401652015,0.18435060514905113
-225,-39,-45,401652565,0.18430381514667654
-242,-34,-52,401660798,0.18553216448370077
-230,-34,-55,401661360,0.18551716977938762
-229,-37,-56,401661895,0.1855007840270605
-232,-40,-57,401662443,0.18551433708062193
-234,-32,-47,401668234,0.18567515327045891
-238,-36,-44,401668771,0.1857302996043612
-234,-36,-52,401677994,0.1861411238396869
-226,-34,-50,401678614,0.18609179814557703
-233,-17,-61,401679728,0.1860599489437299
-250,-23,-42,401687931,0.18811665101156325
-257,-23,-44,401688489,0.18831839573374773
-265,-37,-57,401689583,0.18888806784510043
-258,-40,-55,401697920,0.19243996000347527
-259,-41,-54,401698476,0.19268757237282483
-263,-42,-55,401699011,0.19295951176173648
-269,-42,-58,401699562,0.19328943539648866
-275,-43,-55,401705223,0.1972109399555029
-280,-42,-55,401705760,0.197622633623766
-264,-44,-48,401714555,0.2022943796451986
-267,-43,-52,401715101,0.20260842935892479
-269,-42,-49,401715711,0.2029763091579477
-279,-36,-44,401716246,0.20337230766293315
-253,-29,-43,401722220,0.20536901440186486
-250,-32,-43,401722782,0.20553639536329152
-233,-33,-50,401731937,0.20594673813161224
-235,-33,-45,401732495,0.20598978752559488
-235,-37,-46,401733589,0.20608281097335207
-227,-28,-33,401741948,0.2056734232768395
-233,-40,-31,401742497,0.20570988109218505
-236,-44,-31,401743032,0.20577346629960383
-241,-29,-40,401748756,0.2067484794393926
-235,-19,-44,401757917,0.20739847013948645
-222,-23,-43,401758473,0.2073340039081186
-215,-24,-43,401759008,0.2072158421485759
-219,-20,-48,401759567,0.20712328493620652
-242,-16,-44,401765220,0.20817439294529427
-240,-13,-42,401765756,0.20825920434346323
-257,-8,-35,401774553,0.21201241787028224
-259,-10,-31,401775101,0.21227058124979808
-259,-14,-30,401775692,0.2125509591885419
-265,-23,-53,401782782,0.21653207507768654
-190,-28,-45,401815390,0.19813173690237385
-196,-24,-46,401815925,0.19788637782316207
-201,-18,-43,401816479,0.19767851525931207
-206,-17,-35,401817014,0.19752238615626186
-467,-11,-22,401830916,0.24902119524941335
-470,-15,-30,401831471,0.2510988450718311
-482,-22,-34,401832564,0.25537702977926896
-11,-225,-34,401869303,0.15562393568254057
-2,-223,-36,401869867,0.15474036814666756
3,-220,-36,401870430,0.15384250289576304
5,-216,-38,401870965,0.15298735866048582
-130,13,-1,401889905,0.12329602430936652
-139,18,4,401890461,0.12253336616373839
-144,23,14,401890995,0.12184280721165518
-154,24,19,401891555,0.12120187954532952
-284,217,-1,401905925,0.11999658769435942
-290,226,-8,401906475,0.12058775271667144
-295,234,-15,401907010,0.12122016288868083
-300,236,-19,401907568,0.12195203108808729
-336,202,-37,401915926,0.14006036210081946
-335,194,-42,401916484,0.14145670482924017
-342,191,-43,401917019,0.14285744922964927
-346,194,-41,401917603,0.14445482541108537
-363,99,-48,401923208,0.1588605855013112
-361,87,-40,401923744,0.16024085817507114
-371,-62,-78,401932892,0.17638160222681193
-329,-110,-79,401940778,0.18464916835373663
-284,-119,-49,401955915,0.19363075665555543
-287,-127,-45,401956470,0.19401377476935858
-288,-131,-46,401957005,0.19438611182339915
-276,-135,-48,401963842,0.19807116184396162
-203,-32,-28,401998439,0.1901716880617463
-243,-37,-29,402025898,0.19998779877192252
-239,-31,-33,402026455,0.20015713610286237
-237,-34,-42,402026990,0.20027582864734228
-223,-24,-36,402035877,0.20107049838606603
-223,-22,-34,402036435,0.20113260964938223
-228,-36,-49,402045902,0.20169603859192284
-219,-34,-49,402046513,0.20166069641409767
-216,-33,-46,402047092,0.2016140640018402
-210,-21,-59,402052212,0.20066329606661965
-199,-28,-63,402052786,0.20044457233889426
-201,-31,-51,402053991,0.20008038376211748
-221,-16,-49,402058225,0.20027307761450522
-222,-16,-50,402058761,0.20030406794647937
-216,-19,-58,402059858,0.2002199397397207
-237,-4,-45,402067896,0.20302477435867106
-242,-8,-44,402068515,0.20328117052881095
-237,-14,-43,402069702,0.2036677181307375
-172,-37,-61,402077946,0.19746253784228537
-163,-45,-59,402078492,0.19697263900179282
-159,-59,-69,402079586,0.195803896039414
-124,-126,-61,402086736,0.1828682195965339
-124,-134,-56,402087271,0.18190242158872738
-121,-133,-51,402087833,0.18088407802079032
-127,-130,-49,402088392,0.17993166403159544
-171,-88,-26,402095950,0.17398573694451427
-175,-88,-23,402096497,0.17360185730372588
-183,-85,-27,402097032,0.1732788394307064
-189,-81,-32,402097606,0.17297159438025175
-182,-66,-37,402103200,0.16964162286944887
-181,-75,-37,402103755,0.16928618599109796
-192,-108,-43,402109249,0.16571153126299634
-195,-125,-20,402110904,0.16487195707756921
-175,-128,-48,402118929,0.15739440327156565
-169,-121,-46,402119485,0.1568670079027742
-169,-111,-40,402120020,0.15639749187074098
-169,-101,-38,402120636,0.15588327698297677
-194,-40,-53,402126209,0.1534140415467351
-195,-37,-51,402126746,0.1531962355937782
-241,-63,-57,402135902,0.1540704261206855
-236,-65,-62,402136517,0.1540652753401745
-235,-64,-56,402137600,0.15408924688871656
-258,-83,-52,402145937,0.15675500818204793
-258,-79,-57,402146493,0.15692436153629222
-255,-75,-60,402147028,0.1570598048260999
-245,-71,-60,402147579,0.15712932446957467
-222,-31,-72,402155946,0.15562687716424856
-216,-29,-77,402156494,0.1554715762194009
-215,-29,-80,402157029,0.1553028712327796
-214,-33,-80,402157607,0.15510779119138912
-211,-7,-54,402163196,0.15431329515854364
-204,-12,-56,402163751,0.15417238823174712
-180,-39,-65,402172901,0.14768993517318366
-185,-33,-72,402173526,0.1472754812986172
-183,-30,-68,402174663,0.14653195190407772
-154,-56,-61,402182735,0.13782746222190073
-154,-57,-55,402183269,0.13727347036487392
-163,-65,-49,402184374,0.1362758353292601
-135,-70,-52,402191883,0.12650997576296785
-132,-69,-56,402192438,0.12575917542776235
-157,-64,-33,402200611,0.11902143101264388
-155,-63,-31,402201146,0.1185885786321267
-155,-67,-30,402201681,0.11815460226255307
-151,-66,-33,402202216,0.11768435249529532
-160,-45,-25,402207758,0.11429765767165366
-174,-75,-27,402216357,0.10984979142529744
-187,-63,-29,402218013,0.10932375396453642
-211,-44,-42,402240919,0.10724075150284915
-213,-41,-47,402241471,0.10718592111756559
-212,-37,-48,402242006,0.1071294636282804
-215,-47,-42,402248824,0.10681001542287316
-246,-12,-57,402278888,0.11632249938521674
-248,-19,-59,402279442,0.11650357862025036
-243,-27,-62,402279977,0.11661057210548928
-243,-29,-57,402280540,0.11674184145680677
-238,-27,-52,402286260,0.11809480838962523
-235,-29,-51,402286857,0.11821594170646113
-229,-52,-50,402295907,0.11827370385002843
-231,-45,-47,402296463,0.11832746122289876
-236,-42,-46,402297558,0.11852318418469465
-225,-48,-49,402305467,0.11848507344542648
-228,-44,-47,402306002,0.11852256615942076
-229,-41,-44,402306560,0.11859253024908842
-241,-46,-53,402313756,0.1196725462426766
-231,-36,-59,402346903,0.1216935912950183
-239,-33,-48,402347459,0.12184187704264696
-249,-35,-45,402347994,0.12204905118441453
-249,-35,-44,402348552,0.12226950135687864
-248,-33,-45,402362923,0.1279018216715622
-253,-30,-44,402363471,0.1281640448132541
-253,-30,-47,402364006,0.1284081259113823
-248,-30,-47,402364566,0.12863242279642267
-210,-13,-63,402378916,0.1287029872720945
-209,-20,-62,402379471,0.12868636552858478
-207,-22,-64,402380006,0.12864324409259706
-207,-19,-65,402380557,0.12860950012132905
-480,-32,-62,402409380,0.22242985942899218
-474,-31,-63,402409915,0.2242812738172305
-470,-27,-68,402410468,0.2261692467998105
-471,-19,-72,402411003,0.22802114355152364
29,-237,-32,402452922,0.08688839352706912
25,-231,-28,402453468,0.08670192706005626
19,-226,-21,402454003,0.08663866537908925
17,-225,-14,402454562,0.08669609757537639
-146,-118,2,402468887,0.09802905848521157
-150,-107,0,402469443,0.09851411553433077
-155,-98,0,402469978,0.09894966604274928
-201,34,-14,402475739,0.0967972233332444
-332,195,-32,402490419,0.09270103660979227
-344,191,-38,402490954,0.09327780288834035
-348,181,-43,402491514,0.09390240974222211
-345,171,-49,402492048,0.0944811509041371
-401,26,-78,402505897,0.11355484910981535
-394,26,-79,402506453,0.11450800472827521
-392,20,-79,402506988,0.11541524658266916
-390,9,-75,402507547,0.11636444501604998
-259,-170,-61,402537909,0.1239099699996196
-253,-172,-62,402538466,0.12424873901212104
-249,-173,-60,402539001,0.12456752403530884
-246,-176,-59,402544742,0.12837005570276097
-230,-114,-39,402562431,0.1366399072373196
-205,-35,-14,402582449,0.13604185830272386
-172,-11,11,402618903,0.13675195520150168
-175,-9,18,402619459,0.13696863414865437
-176,-10,21,402620553,0.1374625292404406
-165,-22,51,402637131,0.15363630536341197
-161,-22,48,402637684,0.15421927473707706
-159,-21,46,402638271,0.15481986096144418
-176,-29,42,402645837,0.16310507887832873
-83,-95,69,402660160,0.18578853098650505
-79,-101,69,402660738,0.18685116049092357
-65,-112,52,402661857,0.18867676652197624
136,-134,133,402677947,0.252179044944474
137,-123,135,402678494,0.25477719140906013
143,-117,133,402679589,0.2600259732620504
243,-133,165,402687923,0.31238305654099136
243,-131,170,402688481,0.31611256371266977
253,-137,170,402689016,0.3197581035965843
261,-146,169,402689576,0.3236371391669743
292,-197,190,402695204,0.36748542937324313
298,-200,196,402695740,0.3718250077777729
410,-192,226,402704540,0.4572933298856175
414,-189,220,402705108,0.46292091505531924
421,-184,206,402705704,0.4687827472456062
444,-106,216,402712770,0.5401000121120899
314,-300,109,402736893,0.7478525985226909
313,-296,102,402737448,0.7527150088388316
311,-284,89,402738534,0.7620429859625476
409,-243,74,402746923,0.8422743044979885
419,-241,74,402747471,0.8476221760983743
438,-233,72,402748006,0.8529477717572753
537,-215,82,402753744,0.9175408618912159
638,-91,-105,402811897,1.6049311818687686
638,-88,-109,402812451,1.6118300397791312
639,-84,-117,402812985,1.6184694332904537
632,-78,-123,402813547,1.6253821244750228
493,-23,-242,402827915,1.766666490804398
485,-20,-244,402828465,1.7720792832272512
483,-17,-248,402829000,1.7773232789584308
484,-18,-258,402829559,1.782800586608026
439,-38,-331,402837874,1.858132258541798
397,-42,-395,402848518,1.9486160526358678
377,149,-462,402867895,2.1058727793574774
376,153,-456,402868451,2.1105558562389897
369,159,-455,402868986,2.1150093260845497
366,164,-464,402869544,2.1196289394938104
383,162,-458,402875753,2.1732997125672338
367,181,-432,402884944,2.2523003164343445
370,181,-424,402885560,2.2576980912753095
375,176,-415,402886099,2.262473074851607
380,171,-408,402886654,2.267442241315744
354,177,-418,402892193,2.3151581539657746
354,179,-421,402892773,2.3201907286562817
353,189,-406,402901920,2.400193238119982
356,189,-400,402903563,2.414799963025238
409,260,-474,402923176,2.609864403443997
411,260,-474,402923727,2.6154890316252164
404,262,-469,402924262,2.620896208627262
401,265,-469,402924825,2.6265670985752214
433,319,-478,402930251,2.6843063607999906
432,319,-474,402930840,2.6906033740513187
510,348,-438,402938218,2.7785141977996433
507,358,-445,402938811,2.785610896118292
503,359,-466,402939908,2.798731021209508
520,489,-525,402947932,2.8992277040251775
519,505,-520,402948490,2.9062873759860963
509,529,-521,402949574,2.9198911082883874
468,575,-554,402956508,3.0044165157909224
448,581,-555,402958135,3.024040480714624
432,407,-679,402974898,3.22817783917365
431,399,-687,402975518,3.2358821470880232
510,286,-757,402984922,3.3650875841778016
536,293,-782,402986570,3.3887406965863263
433,307,-791,402994951,3.4978472677215025
429,305,-792,402995508,3.5051297164351696
427,303,-798,402996042,3.512112680184374
251,308,-804,403002746,3.583383451537148
350,296,-995,403021915,3.8377429883133813
374,301,-993,403022463,3.845397968167955
398,302,-988,403022998,3.8530525529677937
425,301,-985,403023557,3.8612660799961533
484,460,-1133,403046368,4.251665582767548
498,455,-1140,403046903,4.261173916026692
518,452,-1146,403047466,4.271361010746218
530,452,-1147,403048001,4.281143056915133
687,370,-1112,403055571,4.4334019971772145
685,358,-1115,403056106,4.444185706736923
683,350,-1118,403056664,4.455421373807416
596,227,-1104,403063749,4.587078658947578
569,320,-1101,403078890,4.869918168473648
565,328,-1102,403079448,4.880408664815925
559,335,-1106,403079983,4.890454409450367
465,390,-1102,403086749,5.010420190009297
274,482,-1260,403101900,5.266560620121341
274,481,-1265,403102458,5.276163016009283
273,482,-1273,403103032,5.2860798892541565
291,386,-1395,403109740,5.408431715529182
478,266,-1640,403143443,6.179482784242413
566,401,-1669,403159301,6.582227081558653
566,412,-1670,403159865,6.596689064161081
585,439,-1680,403160953,6.625046409546139
624,624,-1644,403178179,7.089949609943587
631,626,-1638,403178731,7.104960402474076
633,627,-1630,403179265,7.119460513390935
638,629,-1623,403179828,7.1347522454990155
659,635,-1584,403185211,7.280621274948694
657,622,-1581,403185775,7.295874977484706
723,640,-1568,403193220,7.502722984221462
712,639,-1569,403193792,7.518574359444504
697,622,-1582,403194898,7.549120738361488
674,575,-1579,403202937,7.7679194900343935
663,573,-1577,403203484,7.782751273803246
638,571,-1568,403204579,7.812042067696737
602,661,-1527,403212903,8.031165369660902
599,665,-1529,403213448,8.045541180406369
601,672,-1531,403213983,8.059692612700514
562,822,-1552,403220751,8.241300304647469
476,1075,-1478,403270906,9.579479153288396
485,1078,-1476,403271463,9.594644739676655
527,1085,-1476,403272549,9.624727769554994
503,1083,-1457,403279754,9.82149186092358
490,1075,-1470,403280289,9.836114142757557
483,1069,-1478,403280851,9.85147014899445
379,1092,-1497,403287748,10.03520958115094
439,879,-1467,403313232,10.700116181243402
440,860,-1466,403313796,10.714841611935814
437,852,-1462,403314358,10.729454615933491
437,846,-1461,403314893,10.743346190168412
421,868,-1439,403321250,10.906792059684207
424,856,-1437,403321870,10.922717071880488
485,871,-1367,403330926,11.154836287516492
485,869,-1363,403331481,11.169047669793244
477,854,-1358,403332576,11.19686503062583
226,768,-1389,403351899,11.640814905801257
227,759,-1390,403352455,11.653619265867517
231,750,-1388,403352990,11.665925724852732
229,724,-1384,403353550,11.678699052988813
250,425,-1349,403367890,11.981395117869424
256,413,-1344,403368447,11.993137101477963
259,403,-1343,403368982,12.004397849083395
254,402,-1337,403369540,12.016078500537853
285,270,-1276,403383911,12.301961105331989
284,269,-1279,403384468,12.313065549065692
278,264,-1270,403385003,12.323635870287662
273,262,-1260,403385554,12.334431378396864
151,180,-1168,403404909,12.664817826301773
145,174,-1165,403405465,12.674262872389338
137,165,-1169,403406000,12.683312831898379
134,152,-1174,403406551,12.692614073389947
-15,45,-1160,403414939,12.817221279535387
-12,43,-1154,403415488,12.825364416634349
-11,40,-1147,403416023,12.833256329576615
-17,-56,-1111,403422745,12.926249413577297
9,39,-1059,403442882,13.208527161459651
12,44,-1048,403443435,13.216262063249502
-6,108,-1040,403452910,13.349538101520318
-12,103,-1037,403453460,13.357222925885358
-9,97,-1027,403453995,13.364636544395882
-2,95,-1019,403454554,13.372361728685078
-25,100,-1020,403460213,13.449680199678879
-30,91,-1011,403460749,13.456907062423022
-100,79,-1010,403469548,13.569681506786953
-104,79,-1005,403470115,13.576907390143651
-106,81,-996,403470713,13.584462894350978
-196,49,-1010,403476742,13.656046894971235
-7,38,-930,403499909,13.947664949409653
4,42,-922,403500530,13.955513073124395
11,43,-916,403501089,13.962575553470574
15,45,-913,403501637,13.969504528758922
69,49,-879,403506204,14.027664603285489
73,41,-879,403506740,14.03449098190927
23,3,-847,403515919,14.142452366281395
18,1,-851,403516536,14.149711542630515
15,-10,-840,403517616,14.162197359345305
-67,-52,-829,403525932,14.249891569128515
-68,-60,-827,403526487,14.25571222859322
-75,-69,-811,403527573,14.266789482436725
-147,-87,-815,403535888,14.346314218707459
-153,-85,-819,403536444,14.35164279108106
-162,-80,-820,403536979,14.356748569604651
-162,-82,-818,403537540,14.36208513866959
-241,-63,-832,403542740,14.409425460769528
-347,-75,-824,403551931,14.483787849668186
-366,-83,-824,403552488,14.48819977530939
-377,-89,-823,403553089,14.492883169292181
-372,-92,-823,403553642,14.497210202098456
-359,-116,-822,403559212,14.540834664866352
-359,-124,-830,403559749,14.545081997900864
-266,-113,-851,403568944,14.627951384646524
-258,-119,-847,403569506,14.633024971800841
-246,-124,-845,403570594,14.642909885089594
-174,-30,-863,403578908,14.72880220656692
-179,-22,-864,403579465,14.734567781980427
-185,-10,-864,403580000,14.740108049710502
-116,61,-866,403585739,14.804780809536945
-74,-24,-826,403600397,14.962849486776054
-81,-27,-827,403600931,14.968584990678462
-96,-31,-829,403601490,14.974524741406332
-112,-38,-833,403602025,14.98014971576096
-562,-166,-816,403615882,15.065004255029862
-581,-174,-813,403616439,15.0683242029382
-607,-189,-819,403617525,15.07458764960587
-462,-222,-789,403625916,15.128854815874282
-443,-225,-796,403626462,15.132526277575307
-435,-220,-805,403626997,15.136230451878284
-423,-209,-811,403627557,15.140230701075868
-296,-108,-838,403633187,15.190504681683866
-293,-85,-845,403633741,15.195573142535178
-266,166,-857,403642914,15.292526602411067
-253,165,-854,403643534,15.299128197439382
-240,186,-873,403644659,15.31158822510271
-80,106,-909,403652914,15.414503991454438
-68,85,-906,403653471,15.421436291514723
-43,46,-907,403654564,15.435094349294241
93,-150,-934,403662923,15.54465002870569
104,-150,-930,403663479,15.551963504412628
109,-156,-930,403664014,15.559009410450326
52,-191,-932,403670741,15.643861771622692
-126,-8,-909,403685910,15.821240402507287
-127,-6,-916,403686459,15.827718658234586
-136,0,-922,403687553,15.840661585391697
-213,65,-980,403703916,16.04101159412428
-215,70,-975,403704547,16.048718966963904
-219,23,-1015,403713578,16.161784612242595
-234,19,-1020,403714112,16.16844385742542
-250,24,-1017,403715185,16.181677199640426
-250,-64,-1045,403722920,16.27730477333431
-242,-71,-1055,403723477,16.284291255994578
-235,-73,-1062,403724011,16.291062241300757
-165,-113,-1059,403730737,16.378731263129374
-156,-172,-1049,403745907,16.57286149004898
-149,-178,-1047,403746465,16.580024097682816
-149,-189,-1045,403747000,16.58685700398912
-149,-199,-1044,403747550,16.59385516302959
-97,-252,-994,403753211,16.663432110875622
-103,-263,-998,403753748,16.670020533817954
-52,-244,-936,403762153,16.770410859160634
-47,-243,-927,403762741,16.777399158245565
-35,-249,-918,403763949,16.791702005354264
-60,-159,-843,403771960,16.880075497647535
-59,-156,-841,403772523,16.88628696937042
-68,-161,-831,403773619,16.89814688175822
-80,-175,-772,403778249,16.944120861518698
-80,-187,-764,403778866,16.950160473991243
-80,-187,-756,403779478,16.956088973083286
-83,-196,-728,403784156,16.999490079664145
-89,-201,-718,403784720,17.00461770604384
-99,-202,-700,403785917,17.015132040562126
-122,-246,-663,403790206,17.049385890963123
-129,-251,-659,403790743,17.053612272430577
-172,-296,-594,403797815,17.100039496697217
-207,-292,-572,403803704,17.13567694918798
-344,-126,-526,403817404,17.204726737506693
-356,-133,-525,403817939,17.2073632872781
-360,-143,-526,403818500,17.210100102576913
-368,-144,-523,403819034,17.21265185620963
-430,-112,-617,403832913,17.29135726544652
-439,-118,-619,403833462,17.294449822948046
-442,-125,-625,403833997,17.2974817803484
-445,-126,-631,403834556,17.300680237326826
-377,-67,-712,403848904,17.40814978893841
-381,-66,-718,403849461,17.412363421213005
-378,-68,-722,403849996,17.41644738536722
-364,-84,-715,403855738,17.460078364854752
-302,-101,-727,403864895,17.534823091063828
-293,-101,-723,403865452,17.539382718143155
-291,-107,-720,403865987,17.543738955399284
-284,-156,-692,403871747,17.587927290047297
-264,-194,-634,403879395,17.641032613573543
-257,-196,-629,403879930,17.64473994792085
-257,-191,-623,403880480,17.648517423410652
-257,-192,-626,403881015,17.65221177158023
-406,-242,-584,403887750,17.686876275728498
-353,-211,-557,403896930,17.735412080585427
-350,-209,-556,403897478,17.738323464438206
-344,-206,-555,403898573,17.744185137356776
-303,-187,-547,403906919,17.790962571118794
-289,-185,-543,403907488,17.79418552324563
-134,-137,-503,403916898,17.854184162242664
-129,-134,-502,403917453,17.857741839057628
-126,-126,-500,403917988,17.861181915735614
-107,-59,-480,403923726,17.898527399401353
-154,19,-442,403938901,17.988401188487188
-153,15,-447,403939457,17.99172861862984
-146,16,-451,403939992,17.994986482637426
-143,25,-449,403940550,17.998396946528327
-247,42,-462,403959896,18.107074735484044
-249,41,-473,403960453,18.11027859764781
-250,38,-479,403960988,18.113389951361942
-252,34,-481,403961546,18.116635402858098
-282,8,-449,403975393,18.18737974292477
-277,14,-452,403975928,18.19016534196717
-279,8,-454,403976488,18.193078090146408
-284,-1,-449,403977023,18.1957922135235
-307,51,-425,403990410,18.25954651713505
-310,52,-425,403990945,18.262087938119315
-311,50,-420,403991502,18.26468982187462
-305,41,-412,403992037,18.267139307732972
-273,8,-378,404005392,18.323849209613957
-274,16,-373,404005926,18.326092456079223
-275,21,-370,404006486,18.32842752650066
-278,26,-366,404007021,18.330627328334742
-326,37,-346,404014910,18.35867705858974
-321,43,-344,404015466,18.360669792340524
-320,48,-343,404016001,18.36259219852237
-319,49,-340,404016562,18.364591326589153
-298,43,-331,404022727,18.386594605470833
-221,-8,-310,404031908,18.420148097921988
-214,-22,-309,404032464,18.422175365222298
-211,-29,-305,404033044,18.42425846005328
-209,-26,-298,404033626,18.426307678770552
-218,0,-287,404039190,18.445192251807974
-219,7,-290,404039745,18.447106623696158
-274,-33,-269,404048919,18.471655415435983
-282,-37,-267,404049485,18.473118105955127
-290,-32,-280,404050580,18.476096126801046
-369,-37,-309,404058917,18.497465752441304
-376,-30,-304,404059474,18.49884391745978
-389,-21,-304,404060009,18.500136039235862
-401,-37,-344,404065746,18.516334401820043
-422,-46,-431,404080896,18.57441506406357
-424,-37,-435,404081454,18.57659867989956
-432,-35,-433,404081989,18.578653279405177
-437,-36,-432,404082548,18.5807728089633
-440,-105,-491,404097347,18.645417949256572
-447,-112,-490,404097882,18.64772006251441
-454,-112,-489,404098430,18.650046180775036
-462,-117,-496,404103739,18.672757235575606
-428,-131,-428,404118890,18.726713845467334
-426,-131,-427,404119448,18.72870805828025
-424,-135,-423,404119983,18.730592260951944
-425,-134,-422,404120542,18.732551971297738
-352,-101,-315,404139887,18.78361752659408
-349,-103,-309,404140443,18.785051551528966
-344,-105,-301,404140978,18.786387795554145
-342,-104,-298,404141538,18.78777280218218
-323,-128,-259,404155890,18.816496459880305
-321,-129,-258,404156436,18.81758931010633
-316,-141,-258,404156970,18.8186567773443
-307,-152,-234,404165257,18.832758622166118
-305,-151,-232,404165821,18.83371309701151
-328,-192,-224,404174869,18.84566724769554
-347,-218,-208,404176608,18.84725274174124
-408,-268,-216,404182745,18.85027263519235
-512,-333,-191,404189123,18.845907800787202
-516,-338,-197,404189659,18.845567563514027
-548,-410,-175,404198954,18.83324329010285
-553,-406,-175,404199498,18.83251867935162
-558,-404,-175,404200595,18.83103149937945
-607,-297,-201,404208909,18.822695777155033
-618,-289,-207,404209465,18.82216425889317
-634,-275,-213,404210000,18.821664058537323
-810,-204,-257,404215737,18.81459153932007
-638,-306,-277,404230889,18.81276515292437
-623,-305,-274,404231446,18.812743547181753
-598,-306,-275,404231981,18.812812334777764
-577,-304,-281,404232542,18.813007308158035
-93,-73,-208,404253144,18.873780443897754
-73,-72,-200,404253708,18.875454167273713
-33,-74,-187,404254805,18.878780401016467
7,-38,-148,404262924,18.901854831675738
-10,-40,-145,404263481,18.90335408550148
-29,-43,-144,404264015,18.904716941645322
-46,-47,-146,404264567,18.90607679280899
-152,-89,-119,404270206,18.913545871341437
-150,-89,-112,404270742,18.914211204867385
-132,-80,-63,404278532,18.919713731793433
-128,-77,-57,404279067,18.9200654522774
-126,-74,-57,404279626,18.920444354866383
-126,-69,-55,404280181,18.92081268097525
-175,-21,-60,404286195,18.9241399948297
-178,-20,-63,404286731,18.92444999741306
-259,-5,-59,404295924,18.924988824498104
-259,-9,-62,404296523,18.925042329535266
-268,-31,-53,404297609,18.924881726047705
-365,-101,-82,404305925,18.92040569115231
-372,-110,-85,404306481,18.920092570396704
-376,-114,-87,404307567,18.919472583663186
-398,-146,-78,404314522,18.913120941312616
-396,-146,-75,404315057,18.912617853351627
-397,-145,-70,404315614,18.912054042856028
-352,-188,-74,404321734,18.907220905251076
-295,-253,-85,404329347,18.903779254196586
-290,-260,-91,404329882,18.90358950500685
-288,-264,-90,404330444,18.903383802531504
-307,-271,-83,404336739,18.89963538104024
-321,-258,-100,404344388,18.896492265461777
-319,-271,-100,404344923,18.896262765187704
-321,-280,-98,404345481,18.895988627552434
-305,-276,-68,404350725,18.891835190388463
-234,-268,-35,404359372,18.88507349923526
-225,-274,-35,404359907,18.884678226454596
-216,-274,-40,404360465,18.884335514390806
-206,-219,-12,404365730,18.880133693702987
-164,-235,10,404374900,18.872091237969798
-158,-236,8,404375457,18.871638634568356
-150,-232,13,404375992,18.871199173333753
-137,-235,43,404381734,18.864548027264362
-159,-208,97,404389345,18.849580232500283
-159,-207,96,404389880,18.848537663008834
-158,-205,101,404390442,18.847410304217217
-157,-205,111,404390977,18.846267155237786
-197,-182,127,404397725,18.829072121813226
-169,-187,122,404406905,18.807824175599563
-165,-195,116,404407462,18.80658481976976
-169,-203,109,404408049,18.805309074429573
-171,-208,113,404408624,18.804013817075305
-151,-222,112,404414187,18.79207433286442
-148,-217,108,404414741,18.790933682464534
-153,-179,95,404423923,18.774237508812966
-162,-183,88,404424482,18.773238600523783
-171,-183,81,404425577,18.771325235224886
-171,-204,46,404433913,18.760348591976737
-168,-209,48,404434470,18.759604604551782
-168,-210,45,404435005,18.75891081641686
-203,-282,35,404441731,18.74848176171257
-229,-221,26,404449341,18.73750023844067
-226,-216,19,404449876,18.736796650112147
-228,-207,18,404450439,18.73606889447211
-234,-196,13,404450974,18.73540766532672
-244,-182,20,404457742,18.726194432528814
-258,-291,12,404466903,18.711601561885217
-261,-299,16,404467460,18.71066456162888
-262,-301,20,404468051,18.709631724874413
-259,-307,21,404468621,18.7086308856591
-181,-361,56,404474184,18.698262696238167
-173,-359,54,404474738,18.697277945257206
-122,-344,-18,404483958,18.693334233506402
-128,-335,-21,404484502,18.693117431805685
-129,-320,-29,404485596,18.692832480648562
-121,-273,-40,404493909,18.693257165473238
-120,-268,-37,404494468,18.69327444370799
-119,-258,-31,404495002,18.693262657619044
-141,-266,-33,404500740,18.692397661954224
-123,-234,-12,404515891,18.688671142760057
-128,-233,-11,404516449,18.688512066859133
-138,-230,-10,404516984,18.68832161388489
-143,-230,-10,404517542,18.688105241566713
23,-166,41,404544884,18.691750290949177
25,-158,43,404545440,18.691834161806963
34,-149,54,404545975,18.691876624315547
38,-145,63,404546533,18.6918720929344
-24,-115,61,404560904,18.68736324293232
-32,-119,54,404561453,18.687212752468387
-39,-124,46,404561988,18.687094293356402
-37,-128,45,404562547,18.68698081030613
-101,-169,31,404570904,18.68265178511919
-104,-174,34,404571462,18.682324032196522
-102,-182,36,404571997,18.68199317071765
-99,-190,30,404572556,18.681694670582463
-67,-191,43,404578187,18.678873625354708
-72,-189,42,404578723,18.678598125924914
-97,-107,60,404587159,18.672304054558456
-106,-99,56,404587730,18.67188590005499
-113,-80,54,404588925,18.671036971354695
-112,-51,40,404593179,18.669119896884496
-109,-54,38,404593726,18.66889592696542
-109,-57,34,404594261,18.66870260049684
-100,-86,2,404600815,18.66917400052323
-90,-113,18,404608930,18.66807911308029
-88,-111,18,404609479,18.668015474061924
-89,-104,21,404610014,18.667936208067314
-96,-102,15,404610624,18.6678699142533
-106,-75,20,404615173,18.66703003553403
-109,-74,19,404615730,18.666925195332915
-117,-49,34,404623530,18.66387788343429
-120,-45,39,404624064,18.663627437989273
-125,-42,43,404624626,18.66331831832064
-132,-44,45,404625185,18.662967291976315
-163,-51,52,404630188,18.65824440361677
-165,-50,57,404630725,18.65769522863454
-173,-74,49,404638545,18.649731218927506
-172,-79,55,404639079,18.64914201762129
-176,-84,62,404639629,18.648462406281585
-184,-84,74,404640185,18.647655235701123
-207,-77,85,404645740,18.63799370538118
-242,-69,111,404653484,18.62011952895409
-239,-72,110,404654019,18.618899315659785
-233,-79,105,404654579,18.61767412114412
-263,-88,108,404661730,18.600166101692484
-148,-39,157,404685929,18.546107548136295
-144,-31,159,404686474,18.54490173660746
-145,-26,161,404687009,18.543705858911935
-147,-21,161,404687569,18.542452725393133
-128,-9,160,404693237,18.53072625382487
-129,-7,157,404693823,18.52953709585559
-132,0,174,404702943,18.508909179352568
-130,6,169,404703494,18.507716121867936
-125,8,164,404704588,18.50546347319205
-150,63,192,404711654,18.487911891647343
-149,68,190,404712188,18.48661066409739
-147,71,187,404713260,18.484064057370745
-126,104,197,404720907,18.466539176852912
-123,109,204,404721455,18.46525085930292
-122,101,196,404722550,18.462783553238843
-153,114,206,404738860,18.42099337690179
-155,111,206,404739416,18.419561510222923
-159,110,208,404739951,18.418153748977907
-165,114,205,404740511,18.416685257144714
-189,118,201,404746229,18.40112849853948
-191,121,197,404746846,18.399480383104386
-198,74,191,404753241,18.381932258577155
-201,67,195,404753857,18.380187336466843
-201,50,198,404754965,18.376961002282478
-212,14,203,404759193,18.363699636758255
-208,9,203,404759741,18.361989886662048
-211,-77,225,404766820,18.336260010258208
-543,35,167,404791890,18.214371656675176
-550,31,161,404792448,18.211676756545874
-557,21,160,404792983,18.209062311548994
-562,14,158,404793541,18.206322569158928
-342,-66,141,404807859,18.15799615517395
-341,-63,136,404808415,18.15616472344906
-344,-59,144,404809511,18.152424486111
-315,2,181,404817914,18.122426857978564
-307,0,187,404818471,18.120421313271194
-298,-3,194,404819006,18.118473452978435
-292,-6,192,404819564,18.11647567691318
-181,-7,181,404825195,18.101384121990627
-168,-19,182,404825731,18.099972999540228
-54,-45,160,404834888,18.08514049980602
-49,-40,161,404835447,18.0842554308496
-56,-28,169,404836642,18.082212831224137
-165,28,145,404844923,18.065693573058137
-173,29,148,404845478,18.064536005421743
-171,29,147,404846564,18.06230071379883
-282,72,95,404854560,18.046195614439906
-300,68,101,404855095,18.045004530767095
-306,67,107,404855631,18.043744806203545
-382,74,100,404860731,18.029679653756205
-517,96,68,404869378,18.002082209017278
-525,98,63,404869913,18.000386563668133
-535,98,61,404870471,17.998595376707943
-617,82,53,404875736,17.979140714886462
-693,22,22,404884906,17.943127672736452
-691,13,21,404885456,17.940975848177974
-691,5,27,404885991,17.93882949314469
-718,-40,13,404891728,17.91525625325237
-707,-86,-34,404899350,17.88858539987827
-706,-91,-40,404899885,17.88675874474452
-706,-98,-46,404900448,17.88487318298984
-712,-141,-80,404905736,17.868863409981113
-691,-177,-122,404914907,17.846958568095356
-684,-173,-127,404915453,17.845729212255208
-684,-171,-135,404915988,17.844586019233574
-620,-127,-210,404921727,17.841233853653318
-560,-95,-245,404929350,17.844101196803518
-554,-96,-247,404929885,17.84434088492529
-551,-94,-250,404930447,17.844629872355622
-555,-98,-249,404930982,17.84487916007417
-530,-108,-288,404937729,17.852584542035885
-503,-93,-308,404946909,17.86763698317935
-499,-97,-307,404947467,17.868558108815616
-508,-101,-307,404948057,17.86949275966331
-513,-106,-307,404948628,17.87037270302248
-530,-116,-289,404954190,17.876869623965977
-531,-116,-290,404954726,17.877502701905488
-543,-80,-281,404965517,17.889126465317464
-510,-19,-254,404973896,17.89816432911379
-504,-18,-254,404974453,17.89879141524196
-498,-14,-253,404974988,17.899412213267826
-482,23,-298,404981736,17.912705798268718
-410,30,-325,404989347,17.93416861790897
-406,29,-328,404989882,17.93571380713138
-403,26,-330,404990444,17.93735934949536
-396,19,-331,404990979,17.93894820912465
-312,10,-343,404997725,17.96352397095851
-255,41,-323,405006909,17.99843707325733
-250,49,-318,405007464,18.000537359510194
-246,52,-313,405008057,18.00275983502819
-237,55,-306,405008626,18.00487376581113
-226,70,-259,405014187,18.022526785999947
-227,66,-260,405014724,18.024230742074987
-144,106,-197,405023931,18.051125904965932
-141,111,-187,405024507,18.052747632049016
-141,112,-184,405025601,18.055785541967328
-132,149,-118,405033916,18.07255493019276
-135,145,-115,405034472,18.07363877055425
-135,143,-115,405035007,18.07467924015143
-137,134,-99,405040723,18.084353249603858
-98,80,-74,405049369,18.09702144409329
-95,74,-76,405049904,18.097823048803132
-87,66,-73,405050462,18.09865331779626
-77,57,-69,405050997,18.09944185906276
-12,-22,-67,405057723,18.110624642937328
-66,-45,-72,405066905,18.12292434939492
-60,-43,-66,405067461,18.123647744794763
-61,-42,-63,405068059,18.124398998222066
-66,-36,-61,405068622,18.125081477799466
-61,-7,-32,405074185,18.130187879121014
-62,-8,-28,405074721,18.130646395040703
16,-11,25,405083882,18.13629969659134
55,-16,100,405091707,18.135002196563637
38,-43,306,405122409,18.039217745623475
32,-39,312,405122944,18.037506148685157
26,-42,312,405123505,18.035685946049433
27,-47,309,405124040,18.033969270442835
18,-26,371,405137898,17.977955155046136
15,-30,374,405138453,17.97568137983657
11,-31,381,405138988,17.97342402430008
6,-30,386,405139540,17.971041467748737
5,-28,387,405147874,17.93502305960196
5,-21,389,405148431,17.932615870452057
3,-13,389,405148966,17.930308200705998
16,6,378,405154726,17.90713335909892
96,-8,404,405163356,17.873817855055126
97,-10,404,405163891,17.87176121440979
98,-2,396,405164453,17.869677732607524
98,-3,396,405164988,17.86769391085477
129,-8,420,405170192,17.847777677517357
131,-9,411,405170729,17.845799150342877
116,-27,446,405179506,17.808182916518664
113,-28,442,405180041,17.805915754088762
114,-30,438,405180658,17.803336514074708
110,-34,432,405181214,17.801037406873636
61,-58,456,405186183,17.776971498782693
59,-61,458,405186720,17.774349345746494
10,-143,494,405195917,17.720084005924626
7,-142,499,405196536,17.716387515310007
-2,-141,489,405197619,17.710003621581357
-84,-162,475,405207089,17.65020082448123
-114,-161,494,405214891,17.597471426346125
-117,-162,492,405215447,17.593719333819788
-120,-163,492,405215982,17.590096885653637
-85,-160,501,405222729,17.545341181798534
-96,-115,496,405231890,17.485699975951977
-97,-108,492,405232446,17.482121078327715
-98,-105,493,405233059,17.478168320712218
-143,-98,508,405239729,17.431883515048746
-235,-215,587,405289296,16.99019403683035
-239,-211,601,405289860,16.985071281389118
-241,-212,603,405290406,16.980088681273543
-238,-245,589,405296732,16.923144297852577
-281,-218,572,405305354,16.845461138635436
-285,-217,575,405305889,16.840607867929165
-290,-215,579,405306450,16.83547202248253
-293,-176,540,405313733,16.77314420471789
-121,-6,555,405346878,16.540698306069626
-119,-3,557,405347435,16.53681236516865
-118,-6,565,405347970,16.53302438347582
-116,-13,576,405348530,16.52897746463981
-352,-163,661,405385385,16.142612194916037
-376,-155,659,405385920,16.136940943036304
-395,-150,666,405386481,16.130870474863233
-419,-152,670,405387016,16.12495380059828
-322,-123,590,405403275,15.975351033755322
-298,-107,587,405403839,15.97031536365656
-279,-101,582,405404396,15.96546829092609
-176,-20,572,405410718,15.917681315815663
181,-51,683,405426422,15.81894582207567
68,109,809,405453873,15.595000543802632
57,115,799,405454429,15.590561425143699
50,124,788,405454964,15.586351244425495
-101,179,777,405460723,15.53593782146076
-407,150,645,405477349,15.37648681048944
-426,145,639,405477884,15.371317303967444
-444,141,640,405478447,15.36578226669791
-506,109,652,405485728,15.288793951884866
-316,25,652,405500145,15.154944948771274
-310,23,653,405500709,15.149734253911294
-250,24,716,405506713,15.092520247230217
-128,94,837,405516417,14.997541508799552
-316,-223,1129,405582294,13.957421288793613
-313,-221,1130,405582857,13.948654637644397
-310,-217,1125,405583405,13.940178355927172
-302,-211,1128,405583940,13.931933777673306
-228,-194,1197,405590203,13.834780891024476
-218,-192,1201,405590739,13.82650775502742
-218,-72,1234,405599920,13.685393043708274
-214,-64,1246,405600470,13.676924052535853
-213,-62,1253,405601056,13.667864746184588
-219,-54,1254,405601607,13.659329511374251
-232,3,1255,405607169,13.573763616370933
-240,9,1256,405607742,13.564933646726594
-228,-34,1303,405616919,13.418550082750892
-225,-43,1308,405617467,13.409807778627645
-231,-59,1302,405618562,13.392306235609738
-212,-154,1337,405626898,13.254749067547355
-217,-154,1327,405627455,13.245630563528547
-222,-149,1324,405627990,13.236880086573963
-236,-206,1374,405633727,13.138020325950524
-275,-355,1449,405648856,12.85273099151977
-271,-354,1450,405649413,12.842308412701186
-266,-355,1446,405649948,12.832349635254426
-291,-407,1467,405658865,12.661068268583596
-298,-412,1474,405659422,12.650318559925866
-358,-530,1574,405668938,12.44710895454926
-377,-531,1576,405669510,12.434824066386682
-409,-509,1582,405670608,12.410932582966934
-513,-392,1669,405680035,12.191939495094605
-480,-372,1766,405713859,11.397619105255218
-473,-371,1766,405714414,11.384840921248415
-465,-367,1762,405714949,11.372605176854947
-463,-364,1757,405715511,11.359807231224199
-396,-379,1740,405720199,11.257186737353374
-381,-388,1738,405720761,11.2450037329941
-298,-462,1661,405729872,11.061390787694293
-299,-456,1648,405731522,11.028634098881613
-448,-483,1600,405753889,10.564492406792665
-436,-484,1596,405754445,10.55320315819521
-427,-484,1596,405754980,10.542400511924576
-421,-487,1602,405755531,10.53127968927921
-444,-476,1607,405774885,10.140841442137237
-445,-470,1596,405775441,10.12984541670671
-450,-468,1590,405775975,10.119297368658088
-458,-471,1587,405776537,10.108163824485672
-551,-523,1565,405792636,9.775915119549103
-334,-508,1487,405812880,9.435548540081475
-334,-511,1478,405813436,9.4264330420173
-336,-514,1473,405813971,9.417676553382272
-332,-521,1471,405814529,9.408575848736964
-347,-576,1436,405828870,9.177177311425666
-351,-575,1439,405829426,9.16831175133646
-359,-573,1437,405829961,9.15975215765682
-364,-574,1430,405830520,9.150815986355852
-454,-677,1292,405857420,8.722944201279168
-453,-686,1297,405857955,8.71463028423556
-453,-695,1302,405858516,8.705883155486156
-455,-699,1299,405859050,8.697558252704967
-476,-461,1264,405881878,8.36819092676185
-470,-456,1256,405882436,8.360417874073303
-465,-450,1257,405882971,8.353016010886375
-457,-441,1258,405883529,8.345376502001766
-493,-274,1301,405902875,8.08254882391859
-502,-278,1301,405903432,8.075091181061469
-511,-275,1302,405903967,8.067875778191931
-515,-268,1304,405904525,8.060336701429197
-559,-331,1290,405917418,7.879857377186302
-559,-342,1293,405917953,7.872459470228327
-554,-348,1287,405918512,7.864787530362219
-553,-356,1275,405919047,7.857487529829577
-669,-430,1135,405932874,7.658132785871309
-682,-439,1128,405933430,7.650126603442949
-687,-448,1123,405933965,7.642393122871204
-686,-460,1122,405934523,7.6343234874855845
-609,-665,1042,405952922,7.388592948710492
-613,-660,1045,405953527,7.380650626626811
-616,-652,1050,405954062,7.373613407898334
-624,-652,1049,405954624,7.366170718114384
-741,-607,1070,405960227,7.28346205429642
-755,-601,1067,405960810,7.274812520487473
-902,-513,1034,405969892,7.126294881882317
-906,-490,1036,405971533,7.099663865775416
-926,-341,1100,405998168,6.673160663594156
-926,-345,1101,405998726,6.664426638563857
-931,-341,1100,405999261,6.656031243738363
-937,-344,1097,405999824,6.647158759483495
-963,-383,1083,406006219,6.544247973198528
-961,-393,1076,406006819,6.534669897087665
-1056,-354,1030,406015881,6.38131394419577
-1064,-356,1032,406016437,6.371902596642905
-1086,-366,1029,406017530,6.353055165925175
-1152,-401,1029,406023816,6.238586060503939
-1022,-233,874,406062878,5.660480351049716
-1026,-229,877,406063432,5.652512305145349
-1025,-228,874,406063967,5.64483820777018
-1068,-291,908,406070715,5.542685800596069
-933,-93,947,406122874,4.942416184703674
-941,-85,949,406123430,4.936605257679971
-951,-79,954,406123965,4.930960054142204
-965,-71,929,406129726,4.869953809351004
-958,-261,924,406139422,4.76568191219537
-1105,-287,853,406157914,4.536102105063229
-1109,-291,855,406158476,4.529355765373726
-1147,-354,821,406166626,4.426512085731181
-1141,-345,816,406167161,4.419941456453817
-1126,-332,821,406168253,4.406879574583681
-1226,-314,756,406175881,4.305337408549695
-1235,-313,754,406176438,4.297965977616598
-1239,-309,755,406176973,4.290878625274709
-1246,-262,708,406183721,4.202128717512016
-845,-115,328,406247402,3.730033642047734
-842,-104,329,406247937,3.7264269672813164
-837,-90,340,406248495,3.7227703677349946
-832,-77,349,406249030,3.7193580550185352
-815,-66,436,406262889,3.643956338794969
-804,-60,434,406263444,3.6411418101941297
-797,-51,433,406263979,3.6385026474150175
-793,-45,434,406264530,3.635838541325293
-773,-66,440,406272845,3.5986194286537754
-778,-56,438,406273401,3.5961790601713424
-783,-44,437,406273936,3.593824018463388
-734,-52,459,406279719,3.5733428403908873
-738,20,437,406288910,3.5435199063715124
-740,16,434,406289468,3.541756484597847
-740,4,427,406290003,3.5400243120821395
-763,-35,340,406296727,3.511806934336383
-844,-91,32,406320866,3.3321256795001135
-855,-95,32,406321427,3.3279359534954844
-869,-93,23,406321962,3.323817027042692
-852,-111,-82,406331414,3.2451524133822
-842,-150,-141,406339367,3.175443610967169
-838,-142,-148,406339902,3.170779927887156
-829,-129,-153,406340462,3.1659701898486903
-812,-118,-157,406340997,3.1614965249236318
-697,28,-148,406356690,3.0638875235460787
-675,-46,-62,406370278,2.989085831468289
-667,-51,-52,406370842,2.98609100095298
-673,-59,-46,406371400,2.98309699707506
-674,-70,-43,406371935,2.980208355360035
-609,-144,12,406378191,2.9521879179566994
-601,-150,23,406378728,2.9498792573066193
-498,-117,64,406385149,2.933443683664599
-490,-108,72,406385704,2.932145522846426
-484,-88,88,406386802,2.9299084099254182
-432,-66,153,406394853,2.9239475703507942
-423,-67,151,406395431,2.923584049055378
-415,-64,159,406396028,2.9233162371453565
-354,-35,240,406402842,2.931000154645755
-332,3,256,406407707,2.9394642622394476
-304,-13,328,406416900,2.9642192865145462
-309,-9,324,406417457,2.965702563837526
-308,-10,321,406418068,2.96732039854772
-270,-30,356,406423711,2.9861565096682474
-239,-57,353,406437330,3.0354664107198284
-239,-50,352,406437865,3.037445721893968
-233,-45,354,406438408,3.0395153871107015
-225,1,319,406444725,3.0634636870510112
-292,48,309,406453864,3.09288597605838
-294,49,311,406454422,3.0947037162898905
-301,48,295,406455548,3.0981117593869882
-429,34,181,406473886,3.1079154358528887
-435,38,185,406474441,3.1082490229064037
-436,42,180,406474976,3.1085500260274377
-438,46,176,406475527,3.108838624107062
-562,-147,-44,406564911,2.7804863457769833
-559,-151,-43,406565466,2.778591320820917
-553,-157,-37,406566000,2.7768211971513086
-552,-157,-33,406566552,2.775023337921952
-561,-158,-47,406572726,2.7535182209771
-545,-117,-64,406581907,2.7231282013347125
-545,-116,-67,406582463,2.721284436419786
-543,-121,-66,406583076,2.7192578177619264
-552,-106,-63,406589725,2.697547277121639
-171,-180,-128,406647314,2.643444721823999
-163,-180,-124,406647849,2.6430366406429444
-152,-172,-122,406648398,2.6427039204619045
-66,-172,-86,406654724,2.646594444186631
4,-152,-34,406663332,2.6635460574126104
4,-152,-27,406663867,2.6646525438275237
8,-152,-30,406664420,2.6657993956364283
8,-148,-35,406664955,2.6668874376327785
38,-119,-5,406671187,2.68420727496464
34,-114,-5,406671723,2.685693041296923
1,-65,-17,406680887,2.708684816147958
2,-64,-20,406681484,2.710176932912713
-4,-72,-17,406682570,2.7128363654460355
-29,-45,-19,406692537,2.7356576639812626
-46,-47,-44,406700872,2.7510837671743142
-45,-45,-41,406701429,2.7521464946386547
-42,-44,-37,406701964,2.753209189314409
-39,-41,-36,406702522,2.754346560169483
-67,-36,-47,406708175,2.7637408713633578
-64,-31,-50,406708711,2.7646409817351882
-90,-13,-66,406717866,2.77666354709417
-93,-23,-63,406718479,2.7774524053779808
-99,-23,-69,406719611,2.778767617651246
-102,-23,-77,406727904,2.7874642986228477
-106,-24,-71,406728458,2.7880602092894002
-114,-32,-67,406729544,2.7891592651525006
-245,-65,-62,406737911,2.786139157846689
-256,-70,-68,406738461,2.7858341862473903
-269,-72,-70,406738996,2.7854523815121515
-401,-111,-63,406744712,2.773494068686972
-456,-89,-131,406753881,2.743198909459876
-450,-84,-130,406754437,2.741413870819038
-440,-77,-131,406754972,2.7397567470722763
-426,-70,-131,406755583,2.737964215108936
-350,37,-145,406760177,2.728969856274583
-343,57,-142,406760714,2.728013582813855
-185,208,-166,406768524,2.728641804285866
-172,203,-168,406769059,2.728747741507826
-157,196,-170,406769617,2.7289163929259215
-148,186,-169,406770165,2.7291183706195423
-78,53,-158,406776166,2.733289540055833
-74,38,-156,406776723,2.7336858824852017
29,-133,-160,406785458,2.7430699108748566
30,-134,-150,406786066,2.743811743091279
35,-141,-143,406787222,2.745344581684549
65,-142,-129,406791190,2.752472769247362
57,-124,-128,406792261,2.7544107213513658
-62,-142,-92,406800887,2.762372837701107
-70,-142,-92,406801487,2.762884830482022
-72,-146,-97,406802080,2.763339512997251
-179,-82,-105,406813696,2.7610846544874708
-389,26,-242,406845932,2.6508714207133925
-386,20,-246,406846483,2.648983843062847
-375,15,-247,406847018,2.6471966562212024
-374,12,-249,406847578,2.6453139233664933
-358,10,-272,406853208,2.6259538673587963
-360,10,-276,406853827,2.623789967103352
-287,-33,-292,406862912,2.595948589677822
-283,-40,-293,406863459,2.594279344473686
-276,-52,-303,406864553,2.5908568031800088
-246,-52,-287,406871697,2.5720059711730574
-246,-50,-284,406872231,2.5706226805900787
-247,-56,-273,406873333,2.5678553458720432
-228,-37,-267,406880865,2.5515824074051805
-227,-38,-263,406881421,2.5504129773546076
-227,-39,-258,406881955,2.5493153569619276
-225,-39,-252,406882514,2.548212915687896
-215,-47,-242,406888166,2.538091286475387
-213,-45,-240,406888723,2.5371253088773935
-207,-44,-227,406895157,2.52729401158997
-208,-45,-228,406895710,2.5264391531069754
-200,-48,-228,406896807,2.5248260476865845
-186,-39,-202,406911702,2.50982359976023
-233,-112,-217,406954867,2.4265692091295104
-237,-109,-215,406955425,2.4255038247083403
-237,-108,-211,406955960,2.4245052054664398
-231,-110,-196,406962707,2.4133001646810675
-223,-77,-172,406988842,2.3821056836567704
-225,-77,-164,406989399,2.3814760920704456
-228,-79,-162,406989934,2.380858682882026
-231,-74,-166,406990495,2.380182907027775
-228,-66,-163,406995169,2.375003947845074
-222,-72,-163,406995734,2.374404315473766
-209,-79,-168,407004909,2.3654068018505345
-211,-86,-171,407005457,2.3648291416616516
-206,-90,-161,407006550,2.363822894918083
-193,-135,-141,407015399,2.3570650238775688
-307,-91,-134,407032083,2.326254121325183
-305,-90,-130,407032652,2.3252395703003494
-309,-96,-134,407033786,2.323096848289674
-282,-50,-151,407051885,2.2951847999253814
-280,-47,-148,407052439,2.2943665433433535
-278,-47,-152,407052974,2.293569884888892
-285,12,-130,407058716,2.2870516638615705
-263,12,-98,407097873,2.26442908323905
-266,11,-103,407098428,2.264069196790372
-270,20,-108,407098963,2.2636949840385627
-271,27,-109,407099523,2.2633092285060075
-278,24,-99,407105176,2.2593904143710914
-281,22,-98,407105712,2.259001477526591
-261,12,-68,407113503,2.2568910163454916
-267,6,-75,407114038,2.256662601345853
-277,-3,-80,407114596,2.256312392946682
-278,-2,-85,407115163,2.255927773809184
-268,11,-63,407121165,2.254074740812759
-265,9,-73,407121722,2.2538694155576406
-268,14,-70,407130893,2.2506439944465066
-273,15,-68,407131468,2.2504227306200573
-287,12,-58,407132579,2.2498967356546844
-285,3,-57,407140896,2.2459012384349166
-286,9,-48,407141451,2.2456888820248904
-283,8,-46,407142545,2.2453229639669
-281,-14,-51,407150880,2.2415177309713976
-284,-16,-48,407151438,2.2412538919536633
-288,-15,-44,407151973,2.240997603364711
-289,-14,-47,407152523,2.2407160266406665
-287,-9,-54,407158183,2.237743349574849
-288,-13,-55,407158720,2.2374408619732415
-280,-6,-47,407165181,2.2350777391738244
-283,-9,-44,407165717,2.234870410959435
-287,-12,-39,407166815,2.2344279669691183
-268,-14,-36,407174846,2.2330948951796006
-269,-10,-28,407175405,2.2330467466978585
-271,-6,-30,407175965,2.2329867981243128
-272,9,-63,407181170,2.2312432777943343
-281,10,-57,407181719,2.2310353581179156
-278,10,-41,407182849,2.230806241992461
-279,39,-49,407190892,2.2297004424854965
-272,41,-49,407191493,2.2296747609751746
-274,37,-52,407192623,2.229549230645564
-292,33,-40,407200891,2.2276866049439534
-295,28,-43,407201447,2.2275163702183844
-296,23,-38,407202541,2.2271904329271335
-316,30,-27,407210452,2.2241392414499255
-314,23,-29,407210987,2.223919488913101
-312,25,-31,407211544,2.223699576447882
-311,30,-38,407212079,2.2234754275133457
-317,42,-43,407218180,2.220648347881164
-316,47,-39,407218716,2.220442115373272
-301,44,-17,407227873,2.220181807471714
-296,36,-19,407228482,2.220166374967407
-284,34,-27,407229609,2.220197591879869
-269,27,-15,407237910,2.2224312302848954
-276,23,-17,407238456,2.2225162370835148
-280,19,-17,407239551,2.2226150405971787
-274,-3,-15,407246694,2.2230262133077914
-275,-4,-9,407247229,2.2230781719579333
-277,2,-17,407248330,2.2231185304434735
-261,-7,-29,407255860,2.2235572912305592
-262,-5,-36,407256418,2.223555529722371
-263,-3,-37,407256953,2.2235491562123886
-266,4,-37,407257511,2.2235457856322722
-259,12,-39,407262712,2.2240605348723093
-275,25,-24,407271904,2.225307685057972
-274,18,-23,407272452,2.2253737469428696
-280,15,-26,407273068,2.2253807203724074
-278,9,-32,407273626,2.225350413457118
-273,13,-20,407278177,2.2259560488478605
-272,17,-27,407278713,2.226012546490593
-290,31,-54,407287873,2.223721386313086
-295,34,-59,407288484,2.223521614128379
-293,25,-53,407289613,2.223180568013138
-284,46,-41,407297907,2.2234435543234614
-291,40,-44,407298454,2.223388612556777
-297,29,-37,407299547,2.2232075094094745
-295,31,-48,407307885,2.2213211971388844
-296,28,-49,407308441,2.221177331871066
-291,30,-48,407308976,2.221079214666803
-285,29,-51,407309535,2.2209945612364885
-273,27,-39,407315165,2.2214272875223187
-275,25,-41,407315720,2.2214428053353648
-263,31,-36,407324882,2.2236603782810977
-263,27,-41,407325462,2.2237626972409865
-261,29,-44,407326052,2.2238708189921597
-262,33,-43,407326600,2.2239840123012455
-254,14,-29,407332162,2.2256753485111505
-260,7,-35,407332744,2.225759412956302
-232,-2,-31,407341876,2.2296338426999145
-225,-4,-29,407342438,2.2299178389468697
-227,-7,-26,407343532,2.230456997521587
-222,1,-37,407351890,2.2346084924640484
-224,-2,-33,407352447,2.2348835936377793
-225,-5,-26,407352982,2.235166107439178
-226,-5,-12,407358719,2.2388651915626823
-222,-24,-26,407367861,2.2429080771391643
-226,-26,-19,407368415,2.243158011274901
-225,-27,-14,407368950,2.243425946350716
-230,-25,-12,407369510,2.2436940296442773
-229,-28,-29,407375162,2.245482939051117
-229,-25,-25,407375717,2.2456892934703876
-239,-45,-14,407384911,2.247905912335819
-242,-40,-17,407385479,2.248027578458778
-246,-33,-27,407386072,2.2481017764751297
-251,-23,-14,407392744,2.2497993542515755
-208,-34,-45,407416873,2.2583698652911384
-204,-42,-46,407417427,2.258557028901924
-204,-46,-48,407417962,2.2587145355123712
-204,-48,-49,407418522,2.2588672451340552
-320,-54,-15,407432863,2.2492591510095767
-341,-65,-14,407433418,2.2487356245025847
-359,-68,-15,407433953,2.2481159065393443
-374,-61,-24,407434511,2.247361446746064
-475,-96,-65,407447406,2.208870326735735
-466,-97,-59,407447941,2.2073588156624115
-455,-99,-54,407448499,2.2058648907058194
-444,-98,-53,407449034,2.2045019102949652
-193,195,-63,407462862,2.2299274662508353
-190,202,-68,407463416,2.230983261883234
-185,209,-72,407463951,2.232036992347714
-175,214,-75,407464511,2.233201950438379
-37,-7,-54,407477403,2.2616226643873265
-31,-18,-48,407477938,2.262831355029822
-25,-27,-45,407478498,2.2641132380118734
-15,-36,-46,407479033,2.2653565843133534
6,-106,0,407492861,2.3001146602963147
6,-101,9,407493415,2.301583315761428
4,-101,14,407493950,2.3030153348835065
-13,-97,11,407494510,2.304414668846058
-235,110,-15,407512877,2.3282208938395925
-238,109,-13,407513479,2.329000649135551
-256,104,-7,407514013,2.3296040000293377
-269,104,-8,407514566,2.330149987636232
-308,163,-40,407519174,2.333403169327715
-307,164,-39,407519710,2.3338024998763243
-369,217,-61,407528898,2.3366939871333834
-380,225,-72,407530587,2.337051607115639
-431,156,-86,407535167,2.3329549558454663
-432,156,-91,407535717,2.332444556163114
-421,-2,-83,407544882,2.315250527833607
-417,-9,-77,407545439,2.3142360472113497
-416,-22,-84,407546533,2.312083373729709
-391,-85,-87,407554443,2.2946405452408976
-391,-82,-96,407554978,2.293431276288598
-388,-78,-101,407555536,2.2921782076922854
-385,-78,-103,407556071,2.2909832323290105
-353,-118,-97,407562709,2.2766550137221606
-307,-111,-82,407571890,2.2627271242795084
-297,-112,-80,407572446,2.2619445753251677
-296,-114,-78,407573021,2.2611428802570703
-299,-118,-74,407573628,2.260282743491706
-295,-125,-58,407579171,2.2531671057760065
-295,-126,-56,407579707,2.2524853149318163
-247,-108,-36,407588892,2.2480305288169036
-248,-107,-29,407589467,2.247787670671246
-245,-93,-26,407590562,2.2474998734649736
-224,-73,-17,407598899,2.2489386294378266
-219,-73,-12,407599454,2.2490873668379483
-221,-72,-7,407599989,2.24924863108169
-214,-48,-28,407606716,2.2516258161200486
-199,-62,-14,407615874,2.256453367914949
-198,-61,-12,407616430,2.2567664157067
-199,-62,-9,407616965,2.257073230857452
-203,-67,-7,407617517,2.2573582229618734
-192,-75,-15,407623177,2.26015220589347
-199,-73,-12,407623714,2.2604032019967035
-222,-52,-22,407632878,2.263167446043919
-225,-56,-28,407633471,2.2632791407767767
-217,-49,-30,407634612,2.2636204827244986
-235,-46,-37,407642903,2.264281720621856
-233,-48,-36,407643452,2.264333451325614
-229,-41,-45,407644546,2.264444286138497
-227,-30,-70,407652884,2.2642017983895726
-227,-32,-72,407653440,2.264167591374238
-227,-37,-69,407653975,2.2641300469398984
-229,-39,-64,407654534,2.264097403350787
-224,-28,-74,407660699,2.263968129037027
-226,-44,-81,407669880,2.2619469527288425
-221,-42,-80,407670460,2.2618617671853767
-227,-40,-80,407671056,2.261747778944823
-231,-37,-80,407671617,2.2616306984126338
-242,-40,-51,407677161,2.261222168139693
-238,-40,-63,407677748,2.2611377004271684
-240,-48,-67,407686879,2.2587793383903865
-237,-49,-68,407687437,2.2586425532106436
-233,-49,-74,407688531,2.258357492720331
-193,-92,-85,407696887,2.256016769070992
-193,-100,-88,407697445,2.2558137432827565
-197,-103,-96,407697980,2.255547479426539
-163,-140,-86,407704707,2.2532918498710326
-205,-112,-52,407713864,2.2511400750721333
-206,-108,-55,407714421,2.251005500098716
-213,-108,-61,407714956,2.250809855368859
-217,-109,-60,407715581,2.25055772028153
-215,-90,-53,407721167,2.2495332014742937
-222,-90,-58,407721703,2.249373351280398
-236,-120,-74,407730899,2.242052855677625
-228,-121,-73,407731501,2.241623822156309
-217,-128,-73,407732580,2.2409203995859017
-178,-74,-86,407742051,2.2409636268636444
-195,-78,-73,407762877,2.239463311941621
-198,-83,-74,407763432,2.2393834501082877
-201,-85,-75,407763967,2.2392779582436493
-201,-80,-75,407764519,2.2391884989897632
-163,-66,-93,407778868,2.2415321557338266
-160,-60,-96,407779424,2.2416509992295213
-156,-46,-99,407779959,2.2418252570332635
-153,-36,-97,407780517,2.2420731997982766
-125,-10,-79,407799866,2.262992549353642
-126,-14,-73,407800420,2.263604139531838
-127,-18,-71,407800955,2.2641838969031745
-128,-20,-75,407801514,2.2647566348281223
-128,18,-85,407815344,2.2814782232503785
-130,16,-83,407815879,2.2821195062807664
-134,11,-76,407816432,2.282773689109245
-136,8,-72,407816967,2.283402891710427
-163,23,-68,407830869,2.297842777066331
-169,23,-68,407831426,2.2983886083904026
-171,27,-62,407831961,2.298944545910537
-169,29,-62,407832519,2.2995441204995752
-191,23,-52,407840880,2.306979123232118
-195,18,-56,407841427,2.3074053287116487
-193,15,-58,407841961,2.307812110432084
-193,13,-60,407842521,2.3082212399009485
-211,17,-54,407848181,2.3117487990797687
-213,19,-50,407848718,2.312098812248155
-215,37,-67,407857882,2.317765984219245
-215,33,-64,407858490,2.3181418142633943
-223,29,-63,407859688,2.31875843467372
-227,16,-54,407867880,2.3225008664400817
-231,24,-46,407868435,2.32280210622001
-241,29,-32,407869529,2.3234518003065343
-264,15,-54,407877698,2.3240151372275677
-262,10,-53,407878233,2.3240493048156208
-259,3,-50,407878796,2.3240881833905127
-269,4,-49,407879338,2.3240780867914537
-275,4,-60,407885168,2.3230750097058737
-270,3,-61,407885704,2.323002931388183
-272,-6,-58,407893493,2.32148558301532
-274,-8,-54,407894028,2.321381293841661
-274,-8,-53,407894590,2.3212766043010964
-271,-12,-55,407895157,2.3211621794448187
-251,-24,-59,407901159,2.320452501166771
-254,-21,-56,407901716,2.320396254137952
-268,-26,-76,407910874,2.3162731112804527
-269,-25,-77,407911500,2.315984918310634
-264,-25,-79,407912595,2.3155188581255004
-262,-38,-69,407920889,2.3120516832789213
-269,-44,-67,407921443,2.311764792586373
